,precision,recall,f1-score,support
0,0.7866666666666666,1.0,0.8805970149253731,118.0
1,0.0,0.0,0.0,32.0
accuracy,0.7866666666666666,0.7866666666666666,0.7866666666666666,0.7866666666666666
macro avg,0.3933333333333333,0.5,0.44029850746268656,150.0
weighted avg,0.6188444444444444,0.7866666666666666,0.6927363184079602,150.0
